/** SEEDING SCRIPT **/
USE marketplace;
-- USERS
INSERT INTO users (user_id, email, fname, lname, hashed_password) VALUES
(1, 'john.doe@ucalgary.ca',  'John',  'Doe',  'jZae727K08KaOmKSgOaGzww/XVqGr/PKEgIMkjrcbJI='),
(2, 'sarah.lee@ucalgary.ca', 'Sarah', 'Lee',  '7WnZz7mI6aB9cE7qbtbW5EfnLx5VkbmHPZZwEtzGL7g='),
(3, 'mike.chan@ucalgary.ca', 'Mike',  'Chan', 'bBDsWjY2P2N47hH5AcFZ6E+xvVKFx1uKQ8+7iMLP8Wk='),
(4, 'nora.kim@ucalgary.ca',  'Nora',  'Kim',  'GfJzZK2f6FqjO9H5XoM5bz6ANBbA2zO3cMXE3UNgRQI=');

-- ADMINS
INSERT INTO admins (admin_id, email, fname, lname, hashed_password) VALUES
(1, 'alice.morgan@ucalgary.ca', 'Alice', 'Morgan', 'W2g0nlxR0R0wEq3dEUKdZmLQekUUEqkgmcnwcfmDKxY='),
(2, 'david.nguyen@ucalgary.ca', 'David', 'Nguyen', 'V7Oxtb4UpvU0YUpkb9J3cQzU8D5Wspg3L07j1Dlm6yU=');

-- POSTS (market)
INSERT INTO posts (post_id, post_type, postal_code, price, posted_date, name, description, user_id) VALUES
(101, 'market', 'T2N1N4',  45.00, '2025-10-20 00:00:00', 'Linear Algebra Textbook', 'Used but in good condition, includes highlights.', 1),
(102, 'market', 'T3P2A6', 120.00, '2025-10-25 00:00:00', 'Gaming Chair',             'Ergonomic chair used for 3 months.',              2),
(103, 'market', 'T2L2M3',  65.00, '2025-11-01 00:00:00', 'TI-84 Calculator',          'Fully functional graphing calculator.',           3);

-- POSTS (events)
INSERT INTO posts (post_id, post_type, postal_code, price, posted_date, name, description, user_id) VALUES
(201, 'event', 'T2N1N4', 2.00, '2025-10-20 00:00:00', 'SU Event',         'Student Union event', 1),
(202, 'event', 'T3P2A6', NULL, '2025-10-22 00:00:00', 'LOREN Club Night', 'Club social night',   2),
(203, 'event', 'T2L2M3', NULL, '2025-10-15 00:00:00', 'FSC Meetup',       'FSC general meeting', 3);

-- EVENT DETAILS
INSERT INTO event_posts (event_id, organization_name, event_date) VALUES
(201, 'Student Union', '2025-10-29 19:00:00'),
(202, 'LOREN Club',    '2025-10-31 18:00:00'),
(203, 'FSC',           '2025-10-22 17:30:00');

-- MARKET DETAILS
INSERT INTO market_posts (market_id, item_condition) VALUES
(101, 'New'),
(102, 'New'),
(103, 'Good');

-- IMAGES (all must reference existing post_ids)
-- the following assumes the image files exist in the specified directory for demonstration purposes.
-- In practice, these files will be uploaded via the application interface. 
INSERT INTO images (image_id, post_id, image_text_data) VALUES
(401, 101, LOAD_FILE('/docker-entrypoint-initdb.d/seeding_imgs/linear_algebra_book.jpg')),
(402, 102, LOAD_FILE('/docker-entrypoint-initdb.d/seeding_imgs/gaming_chair.png')),
(403, 103, LOAD_FILE('/docker-entrypoint-initdb.d/seeding_imgs/ti84_calc.png')),
(404, 201, LOAD_FILE('/docker-entrypoint-initdb.d/seeding_imgs/study_group_flyer.jpg')),
(405, 202, LOAD_FILE('/docker-entrypoint-initdb.d/seeding_imgs/career_fair_poster.jpg'));

-- SAVED POSTS
INSERT INTO saved_posts (user_id, post_id) VALUES
(1, 102),
(2, 103),
(3, 101);

-- CONTACTED SELLER
INSERT INTO contacted_seller (user_id, post_id) VALUES
(1, 103),
(3, 102);

-- REPORTS
INSERT INTO reports (report_id, reporter_id, report_type, reason) VALUES
(501, 2, 'post', 'Misleading description.'),
(502, 3, 'user', 'User spammed multiple listings.'),
(503, 1, 'post', 'Item sold but not updated.');

INSERT INTO post_report (report_id, post_id) VALUES
(501, 102),
(503, 103);

INSERT INTO user_report (report_id, reported_user_id) VALUES
(502, 2);

-- ADMIN ACTIONS (create actions first, then bans that reference them)
INSERT INTO admin_actions (action_id, admin_id, action, action_timestamp) VALUES
(601, 1, 'Deleted reported post 102',       '2025-11-08 13:00:00'),
(602, 2, 'Banned user kai.lee@ucalgary.ca', '2025-11-08 14:10:00'),
(603, 1, 'Approved new moderator account',  '2025-11-09 10:00:00');

INSERT INTO banned_users (action_id, user_email) VALUES
(601, 'kai.lee@ucalgary.ca');
